Channel_Name,Date_of_Publishing,Hour_GMT2,Title,Description,Tags,Video_Type,View_Count,Like_Count,Comment_Count,Favorite_Count,Definition,Has_Captions,Licensed_Content,Topic_Categories,Names_Extracted,Video_ID
Radio ZET,2025-07-27,16:00,Schrony NAS URATUJĄ? Ekspert ujawnia BRUTALNĄ PRAWDĘ!,"Cały odcinek podcastu ""W razie W"" już na naszym kanale!","radio zet, podcasty radio zet, pierwsze źródło informacji, wiadomości z polski, informacje, wiadomości, newsy, wiadomości dziś, breaking news, aktualne informacje, komentarze polityczne, commentary polska, w razie w, czy wybuchnie wojna, jak przygotować się na wojnę, gdzie uciec w razie wojny, jak przetrwać wojnę, survival, zestaw do ewakuacji, plecak ewakuacyjny, prywatny schron, jak zbudować schron, schron przydomowy, gdzie jest schron, gdzie schronić się przed wojną",long,1493,22,1,0,hd,No,Yes,,,D8Aw8euIoMI
Radio ZET,2025-07-27,08:00,"Uznański jak SHELDON?! 🤯 ""Teoria wielkiego podrywu"" w kosmosie!",Sheldon czy jednak Howard? :) Piszcie w komentarzach!,"radio zet, podcasty radio zet, pierwsze źródło informacji, wiadomości z polski, informacje, wiadomości, newsy, wiadomości dziś, breaking news, aktualne informacje, komentarze polityczne, commentary polska, Sławosz Uznański, RadioZET, Polski Astronauta, Kosmos, Księżyc, Pierwszy Polak Na Księżycu, ESA, NASA, Loty Kosmiczne, Nauka, Polska W Kosmosie, Ekskluzywny Wywiad, TYLKO W Radiu ZET, sławosz uznański wiśniewski, lot w kosmos, kosmos, polak w kosmosie, unzański w kosmosie",long,2246,21,2,0,hd,No,Yes,,,iwBc_WVaGDo
Radio ZET,2025-07-27,08:00,JAK ZBUDOWAĆ SCHRON KROK PO KROKU? Ekspert ostrzega: Piwnica w bloku to śmiertelna pułapka W RAZIE W,"Gdy spadają rakiety, nie ma czasu na pytania. A jeśli nie wiesz, gdzie się schować, nie przeżyjesz. W tym odcinku cała prawda o schronach, piwnicach i improwizacji „w razie W”. A jeśli chcesz zainwestować we własny schron – oto poradnik: jak, gdzie i za ile.

Czy piwnica w bloku lub garaż podziemny to bezpieczne schronienie w razie ataku? W najnowszym odcinku podcastu ""W razie W"" Paweł Frankowski, autor książki ""Schron przydomowy"", brutalnie weryfikuje nasze wyobrażenia i ostrzega, że dla wielu ","radio zet, podcasty radio zet, w razie w, czy wybuchnie wojna, jak przygotować się na wojnę, gdzie uciec w razie wojny, jak przetrwać wojnę, survival, zestaw do ewakuacji, plecak ewakuacyjny, prywatny schron, jak zbudować schron, schron przydomowy, gdzie jest schron, gdzie schronić się przed wojną, czy piwnica to dobry schron, czy garaż może być schronem, ile kosztuje schron",long,1076,42,10,0,hd,No,Yes,,,Eak6dfBsx9o
Radio ZET,2025-07-26,16:00,"Schrony w Polsce TO MIT?! I Podcast ""W razie W""",Premiera podcastu już jutro na naszym kanale!,"radio zet, podcasty radio zet, w razie w, czy wybuchnie wojna, jak przygotować się na wojnę, gdzie uciec w razie wojny, jak przetrwać wojnę, survival, zestaw do ewakuacji, plecak ewakuacyjny, prywatny schron, jak zbudować schron, schron przydomowy, gdzie jest schron, gdzie schronić się przed wojną, czy piwnica to dobry schron, czy garaż może być schronem, ile kosztuje schron",long,1697,16,0,0,hd,No,Yes,,,8GMwQ1sFZY8
Radio ZET,2025-07-26,13:00,"CO BY BYŁO GDYBY...ludzie wybierali partnerów, jak książki w bibliotece?",Karpowicz i Gajda dokonują poważnych analiz abstrakcyjnych scenariuszy.,"radio zet, podcasty radio zet, co by było gdyby, robert karpowicz, Bartosz gajda, karpowicz, rozrywka, zabawa, standup, humor, suchary nowe, śmieszne, karpiu radio zet, dej suchara, suchary, radio zet śmieszne, karpiu, śmieszne filmy, śmieszne rozmowy, haha, zabawne, śmieszne polskie filmy, smieszne filmy, suchar, co by było gdyby radio zet",long,3526,59,1,0,hd,No,Yes,,,S8PQUVV5O7A
Radio ZET,2025-07-26,10:01,Jak działa TOALETA w kosmosie?!,Wywiad ze Sławoszem Uznańskim - Wiśniewskim już na naszym kanale!,"radio zet, podcasty radio zet, pierwsze źródło informacji, wiadomości z polski, informacje, wiadomości, newsy, wiadomości dziś, breaking news, aktualne informacje, komentarze polityczne, commentary polska, Sławosz Uznański, RadioZET, Polski Astronauta, Kosmos, Księżyc, Pierwszy Polak Na Księżycu, ESA, NASA, Loty Kosmiczne, Nauka, Polska W Kosmosie, Ekskluzywny Wywiad, TYLKO W Radiu ZET, sławosz uznański wiśniewski, lot w kosmos, kosmos, polak w kosmosie, unzański w kosmosie",long,9356,64,12,0,hd,No,Yes,,,xxcJA8Kz2uE
Radio ZET,2025-07-26,08:30,Urodziny Oskara Cymsa 🥳 The best of Oskar // Funny moments #radiozet #muzykanr1 #oskarcyms,,,long,3420,69,4,0,hd,No,Yes,,Urodziny Oskara,6X5uC_fp5AA
Radio ZET,2025-07-25,18:00,"Kim NAPRAWDĘ jest Grzegorz Braun? ""Wcześniej przez 20 lat nie był ani religijny, ani konserwatywny""","#podejrzanipolitycy Kim naprawdę jest Grzegorz Braun - skrajnie prawicowy, tradycjonalistyczny polityk, który, przekraczając kolejne społeczno-kulturowe tabu i moralno-polityczne granice - zdobywa coraz większą rzeszę wiernych wyznawców? 

Jakie są dzieje jego rodziny? Kto z jego przodków mógł mieć na niego największy wpływ ideologiczny, a z czyją figurą najmocniej się zmagał? Do jakich ruchów przyłączał się w młodości, a do których sił politycznych ""przykleił"" się wtedy, gdy zyskał prawicową św","radio zet, podcasty radio zet, pierwsze źródło informacji, wiadomości z polski, informacje, wiadomości, newsy, wiadomości dziś, breaking news, aktualne informacje, komentarze polityczne, commentary polska, #grzegorz braun",long,8497,205,353,0,hd,No,Yes,,"Grzegorz Braun, Krytyki Politycznej, Podejrzani Politycy, Gabriela Narutowicza",8xX1gWbxm0E
Radio ZET,2025-07-25,16:45,Maryla i Lanberry dzielą się swoimi szaleństwami 🌹 #radiozet #muzykanr1 #zegnijpalecjeśli #shorts,,"radio zet, podcasty radio zet, pierwsze źródło informacji, wiadomości z polski, informacje, wiadomości, newsy, wiadomości dziś, breaking news, aktualne informacje, komentarze polityczne, commentary polska",long,5966,45,4,0,hd,No,Yes,,,Zoncf7nsN9s
Radio ZET,2025-07-25,15:00,Nowy rząd idzie na starcie z Karolem Nawrockim! I DZIEJE SIĘ,"Ten odcinek podcastu politycznego ""Dzieje się"" rozpoczynamy od tematu rekonstrukcji rządu Donalda Tuska. 

W środę poznaliśmy nazwiska nowych ministrów, a już w czwartek wszyscy nowi ministrowie złożyli ślubowanie w Pałacu Prezydenckim. Zastanawiamy się, czy rekonstrukcja rządu spełni stawiane przed nią cele, czyli wzrost notowań rządu oraz partii go tworzących. Komentujemy dymisję Adama Bodnara i zastąpienie go przez Waldemara Żurka na stanowisku ministra sprawiedliwości. Karolina Lewicka zdrad","radio zet, podcasty radio zet, pierwsze źródło informacji, wiadomości z polski, informacje, wiadomości, newsy, wiadomości dziś, breaking news, aktualne informacje, komentarze polityczne, commentary polska, dzieje się, lubecka, rekonstrukcja rządu, zaprzysiężenie prezydenta, nawrocki, karol nawrocki",long,4770,126,39,0,hd,No,Yes,,"Karolina Lewicka, Donalda Tuska, Adama Bodnara, Adam Bodnar, Prezydenta Karola",DMadvmBipCM
Radio ZET,2025-07-25,12:30,Uznański - Wiśniewski UJAWNIA swoje marzenie w Radiu ZET!,Ekskluzywny wywiad ze Sławoszem Uznańskim - Wiśniewskim już na naszym kanale!,"radio zet, podcasty radio zet, pierwsze źródło informacji, wiadomości z polski, informacje, wiadomości, newsy, wiadomości dziś, breaking news, aktualne informacje, komentarze polityczne, commentary polska, Sławosz Uznański, RadioZET, Polski Astronauta, Kosmos, Księżyc, Pierwszy Polak Na Księżycu, ESA, NASA, Loty Kosmiczne, Nauka, Polska W Kosmosie, Ekskluzywny Wywiad, TYLKO W Radiu ZET, sławosz uznański wiśniewski, lot w kosmos, kosmos, polak w kosmosie, unzański w kosmosie",long,5955,43,5,0,hd,No,Yes,,,LGlcN0aJONw
Radio ZET,2025-07-25,11:00,"TYLKO W RADIU ZET: ""Chciałbym być pierwszym Polakiem na Księżycu!"" – Sławosz Uznański - Wiśniewski","W ekskluzywnym wywiadzie dla Radia ZET, drugi Polak w kosmosie Sławosz Uznański - Wiśniewski wyznaje: ""Chciałbym być pierwszym Polakiem na Księżycu"".","radio zet, podcasty radio zet, pierwsze źródło informacji, wiadomości z polski, informacje, wiadomości, newsy, wiadomości dziś, breaking news, aktualne informacje, komentarze polityczne, commentary polska, Sławosz Uznański, RadioZET, Polski Astronauta, Kosmos, Księżyc, Pierwszy Polak Na Księżycu, ESA, NASA, Astronautyka, Eksploracja Kosmosu, Loty Kosmiczne, Nauka, Polska W Kosmosie, Gość Radia ZET, Przyszłość Kosmosu, Ekskluzywny Wywiad, TYLKO W Radiu ZET, sławosz uznański wiśniewski",long,3756,84,40,0,hd,No,Yes,,,77UA7x9k_1U
Radio ZET,2025-07-25,08:30,Polska gotowa na WOJNĘ z Rosją?!,"Cezary Tomczyk był dziś ""Gościem Radia ZET""! Cała rozmowa na naszym kanale!","radio zet, podcasty radio zet, pierwsze źródło informacji, wiadomości z polski, informacje, wiadomości, newsy, wiadomości dziś, breaking news, aktualne informacje, komentarze polityczne, commentary polska, Polska, Wojna, Rosja, Chiny, Tomczyk, Cezary Tomczyk, Wiceminister Obrony, Bezpieczeństwo, NATO, Zbrojenia, wojna z rosją, wojsko polski, armia, polska armia, polityka, polska polityka, modernizacja armii, obrona, obrona narodowa, wojna w 2027, beata lubecka, lubecka, gość radia zet",long,13603,142,185,0,hd,No,Yes,,Cezary Tomczyk,bjIpZ6qAiEM
Radio ZET,2025-07-25,08:00,Jakie wino wariacie 😜? #radiozet #cobybyłogdyby,CO BY BYŁO GDYBY... kelnerzy mówili co myślą! :D,"radio zet, podcasty radio zet, co by było gdyby, robert karpowicz, Bartosz gajda, karpowicz, rozrywka, zabawa, standup, humor, suchary nowe, śmieszne, karpiu radio zet, dej suchara, suchary, radio zet śmieszne, karpiu, śmieszne filmy, śmieszne rozmowy, haha, zabawne, śmieszne polskie filmy, smieszne filmy, suchar, co by było gdyby radio zet",long,6310,57,0,0,hd,No,Yes,,,HI7mbvAerqo
Radio ZET,2025-07-25,07:02,Polska GOTOWA na WOJNĘ Z ROSJĄ?! Tomczyk: Znamy scenariusz Rosji i Chin!,"Cezary Tomczyk - wiceszef MON, poseł PO Gościem Radia ZET. Zaprasza Beata Lubecka!

Cezary Tomczyk wiceminister obrony narodowej w rozmowie z Beatą Lubecką ujawnia szczegóły dotyczące przyszłości bezpieczeństwa Polski. Potwierdza, że ""nasze wiadomości wywiadowcze mówią o  scenariuszu zagrożenia wojennego w 2027 roku."" Podkreśla, że Polska i NATO otwarcie komunikują Rosji i Chinom znajomość tych planów, aby zapobiec ich realizacji. Minister zapewnia, że ""przygotowujemy kraj i też przygotowują się","gość radia zet, breaking news, wiadomości, pilne, wiadomości dzis, wiadomości radio zet, bogdan rymanowski, informacje, serwis informacyjny, news poland, news polska, teraz na żywo, radio zet, gość radia zet na żywo, Bogdan Rymanowski Radio ZET, na żywo, Ryszard Petru, wybory prezydenckie 2025, Rafał Trzaskowski, Karol Nawrocki, sondaże wyborcze, mniejsze zło, debata prezydencka, Końskie, TV Republika, zarzuty wobec Nawrockiego, sutenerstwo",long,23604,411,222,0,hd,No,Yes,,"Zaprasza Beata, Centrum Implementacji, Wojska Polskiego, Cezary Tomczyk, Sztucznej Inteligencji",82vvKAv8AyQ
miechulec,2025-07-27,19:33,EUROWIZJA I SERIAL KRYMINALNY?! 😱 | #eurowizja #eurovision #crimestory,,,long,1024,81,5,0,hd,No,Yes,,,tSPRYfj4BWI
miechulec,2025-07-26,16:00,POLSKA 🇵🇱 NA EUROWIZJI TO STAN UMYSŁU! 🤯 Oceniam wszystkie występy,"Eurowizja jest konkursem, który od prawie 70 lat emocjonuje mieszkanców Europy i nie tylko. Od 1994 roku bierze w nim udział także Polska. Nasza historia w konkursie Eurowizja to 28 piosenek i 27 wystepów.

Czy Eurowizja rzeczywiście nas tak bardzo nie lubi? A może nasze występy są po prostu nieciekawe? Sprawdziłem to i oceniłem wszystkie polskie piosenki w konkursie Eurowizja. 

00:00 - zapowiedź i wstęp
02:37 - 1994: Edyta Górniak
04:23 - 1995: Justyna Steczkowska
05:34 - 1996: Kasia Kowalska
","eurowizja, eurowizja polska, eurovision, eurovision song contest, polska na eurowizji, poland in eurovision, edyta górniak, justyna steczkowska, gaja, eurowizji, ich troje, michał wiśniewski, michał szpak, rafał brzozowski, blanka, kasia kowalska, piasek, mietek szcześniak, blue cafe, gosia andrzejewicz, cleo, donatan, kasia moś, tulia, gromee, ochman, dziennik eurowizyjny, dobry wieczór europo, eurovibes, misja eurowizja, oceniam, ocena, występy, miechulec",long,4807,349,107,0,hd,No,Yes,,"Ich Troje, Isis Gee, Magdalena Tul, Czy Eurowizja, Kasia Kowalska",vDAn1eWgS9s
miechulec,2025-07-25,18:05,POLSKA GUROM 🇵🇱🇵🇱🇵🇱 #eurowizja #trend #shorts,,,long,5876,211,7,0,hd,No,Yes,,,GpPfkSxq9fQ
JastrzabPost,2025-07-27,14:01,"Roksana Węgiel ZAGRAŁA z mężem we własnym teledysku ""Błękit""🥰 Znamy powód!","#jastrząbpost #roksanawęgiel #błękit 
👉🏼Subskrybuj kanał: https://www.youtube.com/channel/UCOSeIrY8eAi9lEvJ3vq4xEg?sub_confirmation=1
🟠Więcej na: http://jastrzabpost.pl","plotki, gwiazdy, nowinki, celebryci, show biznes, jastrząb post, roksana węgiel, teledysk, kevin mglej, mąż węgiel, shorts",long,1060,11,0,0,hd,No,Yes,,,sc-AD1fHZdk
JastrzabPost,2025-07-27,08:00,Woliński ocenia stylizacje Igi Świątek. Zdradził też swoje zawodowe marzenie,"#jastrząbpost #dawidwoliński #igaswiatek 
👉🏼Subskrybuj kanał: https://www.youtube.com/channel/UCOSeIrY8eAi9lEvJ3vq4xEg?sub_confirmation=1
🟠Więcej na: http://jastrzabpost.pl
Woliński ocenia stylizacje Igi Świątek. Zdradził też swoje zawodowe marzenie. Więcej w naszym materiale wideo.","plotki, gwiazdy, nowinki, celebryci, show biznes, jastrząb post, iga świątek, dawid woliński, wywiad z wolińskim, moda, styl, stylizacje, juror top model, projektant mody",long,777,11,1,0,hd,No,Yes,,,JwwBrzvl37M
JastrzabPost,2025-07-27,06:00,Tyszka jest sąsiadem Wieniawy. Wyjawił o niej całą prawdę!,"#jastrząbpost #marcintyszka #juliawieniawa 
👉🏼Subskrybuj kanał: https://www.youtube.com/channel/UCOSeIrY8eAi9lEvJ3vq4xEg?sub_confirmation=1
🟠Więcej na: http://jastrzabpost.pl
Marcin Tyszka jest sąsiadem Julii Wieniawy. Wyjawił o niej całą prawdę! Więcej w naszym materiale wideo.","plotki, gwiazdy, nowinki, celebryci, show biznes, jastrząb post, julia wieniawa, marcin tyszka, fotograf, wywiad tyszką, top model, znany fotograf",long,1048,13,0,0,hd,No,Yes,,"Marcin Tyszka, Julii Wieniawy",UqzPSx825Ek
JastrzabPost,2025-07-26,13:00,"Joanna Senyszyn: ""jednego dnia GOTOWAŁAM na 40 dni"" 😮","#jastrząbpost #joannasenyszyn #shorts 
👉🏼Subskrybuj kanał: https://www.youtube.com/channel/UCOSeIrY8eAi9lEvJ3vq4xEg?sub_confirmation=1
🟠Więcej na: http://jastrzabpost.pl","plotki, gwiazdy, nowinki, celebryci, show biznes, jastrząb post, joanna senyszyn, gotowanie, polityk, shorts",long,2866,18,0,0,hd,No,Yes,,Joanna Senyszyn,LWLXO84LafE
JastrzabPost,2025-07-26,06:00,Dywany i zasłony w domu. Hit czy kit? Miruć komentuje,"#jastrząbpost  #krzysztofmiruć #projektant 
👉🏼Subskrybuj kanał: https://www.youtube.com/channel/UCOSeIrY8eAi9lEvJ3vq4xEg?sub_confirmation=1
🟠Więcej na: http://jastrzabpost.pl
Dywany i zasłony w domu. Hit czy kit? Miruć komentuje. Więcej w naszym materiale wideo.","plotki, gwiazdy, nowinki, celebryci, show biznes, jastrząb post, krzysztof miruć, projektant wnętrz, dywany, zasłony, projekt, wnętrze domu, wywiad z miruciem",long,2800,6,0,0,hd,No,Yes,,,rurLvixdg_w
JastrzabPost,2025-07-25,13:00,Stylistka Agaty Dudy o STYLU Marty Nawrockiej 😊 Dorota Goldpoint ma dla niej kilka rad,"#jastrząbpost #dorotagoldpoint #pierwszadama 
👉🏼Subskrybuj kanał: https://www.youtube.com/channel/UCOSeIrY8eAi9lEvJ3vq4xEg?sub_confirmation=1
🟠Więcej na: http://jastrzabpost.pl","plotki, gwiazdy, nowinki, celebryci, show biznes, jastrząb post, dorota goldpoint, pierwsza dama, shorts, marta nawrocka, agata duda, styl",long,4647,18,0,0,hd,No,Yes,,"Dorota Goldpoint, Stylistka Agaty, Marty Nawrockiej",O2CijzhoUOQ
JastrzabPost,2025-07-25,09:09,"Joanna Krupa nauczyła córkę mówić po polsku: ""jej ojcu się to nie podoba""","#jastrząbpost #joannakrupa #gwiazdyodzieciach 
👉🏼Subskrybuj kanał: https://www.youtube.com/channel/UCOSeIrY8eAi9lEvJ3vq4xEg?sub_confirmation=1
🟠Więcej na: https://jastrzabpost.pl/joanna-krupa-o-przeprowadzce-do-polski-i-jezykach-ktorymi-mowi-jej-corka-jej-ojcu-nie-podoba-sie-ze-mowi-po-polsku,7181350152407776a'
Joanna Krupa na co dzień mieszka w Stanach Zjednoczonych, ale często bywa w Polsce. W najnowszym wywiadzie dla Jastrząb Post ujawniła, że rozmawia z córką w języku polskim. – Mój były mąż","plotki, gwiazdy, nowinki, celebryci, show biznes, jastrząb post, joanna krupa, córka krupy, modelka, top model, gwiazdy o dzieciach, dzieci gwiazd, mąż krupy, los angeles, polska",long,9012,56,1,0,hd,No,Yes,,"Joanna Krupa, Stanach Zjednoczonych",IxBHJg3eXBU
JastrzabPost,2025-07-25,06:00,"Co z tym latem? Bartek Jędrzejak tłumaczy: ""lipiec się rozszalał""","#jastrząbpost #bartoszjędrzejak #lato 
👉🏼Subskrybuj kanał: https://www.youtube.com/channel/UCOSeIrY8eAi9lEvJ3vq4xEg?sub_confirmation=1
🟠Więcej na: http://jastrzabpost.pl
Co z tym latem? Bartek Jędrzejak tłumaczy: ""lipiec się rozszalał"". Więcej w naszym materiale wideo.","plotki, gwiazdy, nowinki, celebryci, show biznes, jastrząb post, bartosz jędrzejak, lato, wakacje, pogodynek, prezenter pogody, ddtvn, pogoda, pogoda tvn, wywiad z jędrzejakiem, dzień dobry tvn",long,229,4,0,0,hd,No,Yes,,,K3umQQsDe5o
Magazyn VIVA!,2025-07-27,14:53,"MA DOŚĆ KONTAKTU Z EX?! JOANNA KRUPA PRYWATNIE: RANDKI, CÓRKA ŻYCIE W USA | KULA VIVY!","Joanna Krupa odpowiedziała na pytania z Kuli VIVY!. Dlaczego nie ma dobrego kontaktu z byłym mężem? Jak wyglądały jej ostatnie randki? Czym różni się jej życie w Polsce i w Stanach? I co robi, by córka była szczęśliwa? Słuchał Rafał Kowalski
#joannakrupa #topmodel #quiz 

Social Media:
www.facebook.com/VivaMagazyn
www.instagram.com/viva_magazyn

Więcej na www.viva.pl","Viva, Viva Magazyn, VIVA.pl, Joanna Krupa, Wywiad z Joanną Krupą, Asia Krupa, Douglas Nunes, były mąż Krupy, Krupa były mąż, Asha Krupa, Córka Joanny Krupy, Top model, randki, życie w Stanach, Polacy w USA, Życie Polaków w Stanach, USA POLACY, język angielski i polski, quiz, wywiad, kula vivy, Rafał KOwalski, sesja do vivy, Asia Krupa prywatnie, Krupa o byłym, Krupa nowy związek, Joanna Krupa Zakochana, cooking with the Krupas, siostry Krupa, Marta Krupa, gotowanie",long,506,27,1,0,hd,No,Yes,,"Joanna Krupa, Social Media",ZAkdTdAwKqs
Magazyn VIVA!,2025-07-25,06:00,TAK MIESZKA KASIA MOŚ Z RODZINĄ! PODOBA WAM SIĘ?,"Social Media:
www.facebook.com/VivaMagazyn
www.instagram.com/viva_magazyn

Więcej na www.viva.pl","Viva, Viva Magazyn, VIVA.pl",long,13232,108,6,0,hd,No,Yes,,Social Media,cpfJcb2UQhc
Kozaczek,2025-07-27,13:10,DODA zniszczyła Labubu na scenie Łódź Summer Festival #doda #dlaciebie #dodaqueen #labubu #news,,,long,14460,45,21,0,hd,No,Yes,,Summer Festival,ae9DdWh9ghc
Kozaczek,2025-07-27,07:57,DODA pocisnęła Sławoszowi Uznańskiemu-Wiśniewskiemu #doda #dodaqueen #dlaciebie #kosmos #news,,,long,19321,108,68,0,hd,No,Yes,,,hZRM2vhsx4E
Kozaczek,2025-07-26,13:15,DODA broni Jennifer Lopez po koncercie w Polsce #dlaciebie #doda #dodaqueen #jenniferlopez #koncert,,,long,22973,224,110,0,hd,No,Yes,,Jennifer Lopez,TLzeBd07z5E
Kozaczek,2025-07-26,11:34,DODA o Jennifer Lopez: Scena bez szału #doda #koncert #jenniferlopez #jlo #dlaciebie,,,long,40454,152,23,0,hd,No,Yes,,Jennifer Lopez,LnJmulSa0xU
Kozaczek,2025-07-26,09:38,DODA o JenniferLopez: Ukradła mi stylizację #doda #dodaqueen #dlaciebie #koncert #jlo #jenniferlopez,,,long,18344,163,39,0,hd,No,Yes,,,bxqKpOZmMpo
Kozaczek,2025-07-25,09:03,Basia Kurdej-Szatan kupiła dom w Hiszpanii #hiszpania #dom #house #home #dlaciebie #news #gwiazdy,,,long,5211,19,12,0,hd,No,Yes,,Basia Kurdej,zC1crAwGtuI
Fakt GWIAZDY,2025-07-26,19:13,Jennifer Lopez i jej ostatnie chwile w Polsce 🔥❤️ #fakt #jenniferlopez #faktgwiazdy,,,long,37698,39,2,0,hd,No,Yes,,Jennifer Lopez,0V3d7tf8E_8
Fakt GWIAZDY,2025-07-25,11:13,Magda Gessler doradza mężczyznom. Tam można zabrać kobietę na randkę!,"Magda Gessler podzieliła się swoją refleksją na temat randek. Słynna restauratorka zdradziła, gdzie należy wybrać się na kolację, aby zjeść lekko, delikatnie i przy tym bardzo smacznie. Oceniła także, kto powinien zapłacić za wspólny posiłek.","Magda Gessler, masterchef, kuchnia, randka, kolacja, kobieta, mężczyzna, tvn",long,129,1,0,0,hd,No,Yes,,Magda Gessler,nA2AWDY-PIo
WP Lifestyle,2025-07-27,08:00,"Kamil ""Saful"" Nożyński wybrał swojego ulubionego RAPERA 🔥","#kamilnożyński #wywiad  #shorts 



Rozmawiał: Filip Borowiak https://www.instagram.com/fboro

🔔🔔🔔 Subskrybuj Nasze Kanały 🔔🔔🔔 
🔶🔶🔶 Kanał Wirtualna Polska:    @wp-pl 
🔶🔶🔶 Kanał Wirtualna Polska News:    @WirtualnaPolskaNews 
🔶🔶🔶 Kanał Didaskalia:   @didaskaliaWP 
🔶🔶🔶 Kanał W Polskę na weekend:   @WPolskenaWeekend 
🔶🔶🔶 Kanał Pomysł na Dom:   @pomyslnadom 
🔶🔶🔶 Kanał Pudelek:   @pudelektv  
🔶🔶🔶 Kanał Telewizja WP:   @telewizjawp6950 
🔶🔶🔶 Kanał Klatka po klatce:  @klatka.po.klatce 
🔶🔶🔶 Kanał Sportow","kamil nożyński, Kamil Nożyński, Kamil Nożyński wywiad, Kamil Nożyński The Old Guard 2, The Old Guard 2, Charlize Theron, Uma Thurman, Kamil Nożyński Netflix, The Old Guard, Ślepnąc od świateł, Cezary Pazura, Jan Frycz, Robert Więckiewicz, Doda, Doda Fake Love, Saful, Dixon37, Kamil Nożyński Saful, Saful wywiad, Saful płyta, Saful koncerty, Saful Krok w chmurach, raper, wywiad, showbiznes, Ślepnąc od świateł odcinki, Karol Nawrocki, Idź przodem bracie, shorts",long,2235,7,1,0,hd,No,Yes,,"Sportowe Fakty, Filip Borowiak, Subskrybuj Nasze, Wirtualna Polska",nRgvsXkXWDQ
WP Lifestyle,2025-07-26,08:00,"Kamil Nożyński zmagał się z depresją po sukcesie serialu ""Ślepnąc od świateł""","#kamilnożyński #wywiad  #shorts 



Rozmawiał: Filip Borowiak https://www.instagram.com/fboro

🔔🔔🔔 Subskrybuj Nasze Kanały 🔔🔔🔔 
🔶🔶🔶 Kanał Wirtualna Polska:    @wp-pl 
🔶🔶🔶 Kanał Wirtualna Polska News:    @WirtualnaPolskaNews 
🔶🔶🔶 Kanał Didaskalia:   @didaskaliaWP 
🔶🔶🔶 Kanał W Polskę na weekend:   @WPolskenaWeekend 
🔶🔶🔶 Kanał Pomysł na Dom:   @pomyslnadom 
🔶🔶🔶 Kanał Pudelek:   @pudelektv  
🔶🔶🔶 Kanał Telewizja WP:   @telewizjawp6950 
🔶🔶🔶 Kanał Klatka po klatce:  @klatka.po.klatce 
🔶🔶🔶 Kanał Sportow","kamil nożyński, Kamil Nożyński, Kamil Nożyński wywiad, Kamil Nożyński The Old Guard 2, The Old Guard 2, Charlize Theron, Uma Thurman, Kamil Nożyński Netflix, The Old Guard, Ślepnąc od świateł, Cezary Pazura, Jan Frycz, Robert Więckiewicz, Doda, Doda Fake Love, Saful, Dixon37, Kamil Nożyński Saful, Saful wywiad, Saful płyta, Saful koncerty, Saful Krok w chmurach, raper, wywiad, showbiznes, Ślepnąc od świateł odcinki, Karol Nawrocki, Idź przodem bracie, shorts",long,2593,9,0,0,hd,No,Yes,,"Sportowe Fakty, Filip Borowiak, Subskrybuj Nasze, Wirtualna Polska",4LljJk2miqM
WP Lifestyle,2025-07-25,15:01,"Kamil Nożyński CAŁOWAŁ się z DODĄ 👀 ""Dowiedziałem się dopiero...""","#kamilnożyński #wywiad  #shorts 



Rozmawiał: Filip Borowiak https://www.instagram.com/fboro

🔔🔔🔔 Subskrybuj Nasze Kanały 🔔🔔🔔 
🔶🔶🔶 Kanał Wirtualna Polska:    @wp-pl 
🔶🔶🔶 Kanał Wirtualna Polska News:    @WirtualnaPolskaNews 
🔶🔶🔶 Kanał Didaskalia:   @didaskaliaWP 
🔶🔶🔶 Kanał W Polskę na weekend:   @WPolskenaWeekend 
🔶🔶🔶 Kanał Pomysł na Dom:   @pomyslnadom 
🔶🔶🔶 Kanał Pudelek:   @pudelektv  
🔶🔶🔶 Kanał Telewizja WP:   @telewizjawp6950 
🔶🔶🔶 Kanał Klatka po klatce:  @klatka.po.klatce 
🔶🔶🔶 Kanał Sportow","kamil nożyński, Kamil Nożyński, Kamil Nożyński wywiad, Kamil Nożyński The Old Guard 2, The Old Guard 2, Charlize Theron, Uma Thurman, Kamil Nożyński Netflix, The Old Guard, Ślepnąc od świateł, Cezary Pazura, Jan Frycz, Robert Więckiewicz, Doda, Doda Fake Love, Saful, Dixon37, Kamil Nożyński Saful, Saful wywiad, Saful płyta, Saful koncerty, Saful Krok w chmurach, raper, wywiad, showbiznes, Ślepnąc od świateł odcinki, Karol Nawrocki, Idź przodem bracie, shorts",long,5106,27,0,0,hd,No,Yes,,"Sportowe Fakty, Filip Borowiak, Subskrybuj Nasze, Wirtualna Polska",YJR43FqGXf0
PUDELEK,2025-07-25,12:30,"Jelly Frucik MIAŻDŻY matchę Sandry Kubickiej! "" Smak jest RYBY totalny""","Sandra’s Matcha to nowy hit social mediów, ale nie dla wszystkich. Jeden z influencerów odwiedził lokal Sandry Kubickiej i nie gryzł się w język:
„Smakuje i pachnie jak surowa ryba. Tego nie da się pić” – mówi Jelly w swojej brutalnie szczerej recenzji.

Choć Anna Lewandowska i Qczaj zachwalali ten zielony napój, tu padły zupełnie inne słowa.
50 zł za dwie matche i zero satysfakcji.
Kto ma rację? Sandra i celebryci? A może jednak... fani rybnego aromatu?

Zostaw komentarz 💬
🔔🔔🔔 Subskrybuj Nasze ","moda, styl, gwiazdy, celebryci, ludzie, ludzie i blogi, Pudelek, Sandra Kubicka, Sandra's Matcha, Jelly influencer, matcha opinie, kontrowersje matcha, Anna Lewandowska matcha, Qczaj, recenzje influencerów, modne napoje, rybny smak matcha, viral, trendy 2025",long,5370,20,5,0,hd,No,Yes,,"Subskrybuj Nasze, Anna Lewandowska, Sandry Kubickiej, Jelly Frucik",LqpSBCgzO0E
PUDELEK,2025-07-25,12:06,"""Kocham go nad życie”. Katarzyna Sokołowska o 3-latku, bajkach i angielskim w domu","Katarzyna Sokołowska w rozmowie z reporterką PUDELKA opowiedziała o swoim synku Iwo Lwie, który właśnie skończył 3 lata. Projektantka zdradza, że czas płynie błyskawicznie, a macierzyństwo to największa przygoda jej życia:
„Miłość absolutna. Kocham go nad życie”.

Ale nie brakuje też wyzwań.
Sokołowska otwarcie mówi o trudnościach z technologią:
„Nie mamy tableta. Telefon w naszych rękach to najtrudniejsza rzecz do wytłumaczenia dziecku”.
Rozmawiamy też o bajkach, nauce angielskiego i tym, jak ś","moda, styl, gwiazdy, celebryci, ludzie, ludzie i blogi, Pudelek, Katarzyna Sokołowska, Iwo Lew, dzieci gwiazd, macierzyństwo, tablet a dziecko, dzieci i technologia, świadome rodzicielstwo, bajki dla dzieci, angielski dla dzieci, telefon a wychowanie, mama celebrytka",long,3753,32,2,0,hd,No,Yes,,"Subskrybuj Nasze, Iwo Lwie",GwcfFH8cAZw
RMF MAXX,2025-07-27,12:30,TAK BYŁO NA KONCERCIE OTSOCHODZI! 🙌🏻 #współpraca #otsochodzi #koncert #strefa57,"NASZE SOCIAL MEDIA
- Instagram: https://instagram.com/radio_rmfmaxx?igshid=YmMyMTA2M2Y=
- TikTok: https://www.tiktok.com/@rmfmaxx?_t=8Z1WEWZFEpx&_r=1
- Strona Internetowa: www.rmfmaxx.pl","rmf, maxxx, RMF MAXXX, MAXX, MAX, RMF MAKS, rmf maxx, strefa 57, strefa57, strefa 57 koncert, strefa 57 koncerty, koncert, koncerty, otsochodzi, otso, otso koncert, otsochodzi strefa57, strefa 57 aftermovie, aftermovie, concert aftermovie, otsochodzi koncert, tarcho terror, otsochodzi scena, miłosz stępień, festiwal, otsochodzi w strefie 57, oio, występ, strefa 57 bilety, strefa57 bilety, strefa57 koncerty, aftermovie otsochodzi, otsochodzi bilety",long,1051,4,0,0,hd,No,Yes,,Strona Internetowa,KzN-7NFsD-Y
RMF MAXX,2025-07-25,20:00,GDZIE JEST 300 BANIEK? 👀 #otsochodzi #koncert #strefa57 #współpraca,"NASZE SOCIAL MEDIA
- Instagram: https://instagram.com/radio_rmfmaxx?igshid=YmMyMTA2M2Y=
- TikTok: https://www.tiktok.com/@rmfmaxx?_t=8Z1WEWZFEpx&_r=1
- Strona Internetowa: www.rmfmaxx.pl","rmf, maxxx, RMF MAXXX, MAXX, MAX, RMF MAKS, rmf maxx, strefa 57, strefa57, strefa 57 koncert, strefa 57 koncerty, koncert, koncerty, otsochodzi, otso, otso koncert, otsochodzi strefa57, strefa 57 aftermovie, aftermovie, concert aftermovie, otsochodzi koncert, tarcho terror, otsochodzi scena, miłosz stępień, festiwal, otsochodzi w strefie 57, oio, występ, strefa 57 bilety, strefa57 bilety, strefa57 koncerty, aftermovie otsochodzi, otsochodzi bilety, 300 baniek",long,1029,6,0,0,hd,No,Yes,,Strona Internetowa,QmOjyARecYs
Plotek,2025-07-27,15:00,Julia Wieniawa wspomina dojeżdżanie do szkoły komunikacją miejską,"#shorts #plotek #showbiz #wieniawa

🟣www.plotek.pl
🟣FB: https://www.facebook.com/Plotek
🟣IG: https://www.instagram.com/plotek.pl/
🟣TikTok: https://www.tiktok.com/@plotek_","plotek, koło plotka, plotkowe koło, celebryci gwiazdy, plotki, celebryci, gwiazdy, showbiznes, showbiz, najnowsze plotki, plotki o gwiazdach, życie celebrytów, drama",long,6916,68,3,0,hd,No,Yes,,Julia Wieniawa,5-NmoSjRb_o
Plotek,2025-07-26,15:02,Rozenek i Majdan pokazali tapety w swoich telefonach,"#plotek #showbiz #shorts #rozenek #majdan 

🟣www.plotek.pl
🟣FB: https://www.facebook.com/Plotek
🟣IG: https://www.instagram.com/plotek.pl/
🟣TikTok: https://www.tiktok.com/@plotek_","plotek, koło plotka, plotkowe koło, celebryci gwiazdy, plotki, celebryci, gwiazdy, showbiznes, showbiz, najnowsze plotki, plotki o gwiazdach, życie celebrytów, drama",long,6816,45,2,0,hd,No,Yes,,,rs3vkdChokM
Plotek,2025-07-25,15:01,Klaudia El Dursi ma kompleksy,"#plotek #showbiz #kołoplotka #shorts #eldursi

🟣www.plotek.pl
🟣FB: https://www.facebook.com/Plotek
🟣IG: https://www.instagram.com/plotek.pl/
🟣TikTok: https://www.tiktok.com/@plotek_","el dursi, kompleksy, shorts, el dursi wywiad",long,13418,84,1,0,hd,No,Yes,,Klaudia El,yG0lrySaFuk
